{
    "Modules": {
        "std": {
            "start_perf": [
                0.22602009773254395,
                0.055987000000000002,
                0.051915000000000003,
                276844,
                289220,
                1647740057.1500621,
                39571701515724
            ],
            "nMops": 528,
            "child_modules": {},
            "nQuads": 218,
            "Compiled": "Yes",
            "Compiled Times": 12,
            "svclass": [
                "$vcs_nba_dyn_obj",
                0,
                35,
                2,
                2,
                0,
                "sigprop$$",
                0,
                35,
                2,
                2,
                0,
                "process",
                0,
                200,
                8,
                8,
                0,
                "event",
                0,
                34,
                2,
                2,
                0,
                "mailbox",
                0,
                140,
                9,
                9,
                0,
                "semaphore",
                0,
                84,
                5,
                5,
                0
            ],
            "end_perf": [
                0.23081111907958984,
                0.060776999999999998,
                0.051915000000000003,
                276860,
                289220,
                39571714982894,
                8589934594,
                0
            ],
            "nRouts": 33
        },
        "...MASTER...": {
            "start_perf": [
                0.21957302093505859,
                0.054244000000000001,
                0.050071999999999998,
                275308,
                289220,
                1647740057.143615,
                39571683426401
            ],
            "nMops": 0,
            "nQuads": 0,
            "child_modules": {
                "std": 1,
                "Mbooth_mult_radix2_tb": 1
            },
            "end_perf": [
                0.22586202621459961,
                0.055905000000000003,
                0.051839000000000003,
                276844,
                289220,
                39571701107842,
                0,
                0
            ],
            "nRouts": 5
        },
        "Mbooth_mult_radix2_tb": {
            "start_perf": [
                0.2308659553527832,
                0.060832999999999998,
                0.051915000000000003,
                276860,
                289220,
                1647740057.1549079,
                39571715093544
            ],
            "nMops": 2804,
            "child_modules": {},
            "nQuads": 1178,
            "significant_routs": [
                [
                    1,
                    "R_VCSgd_RIj6d_1",
                    4581870,
                    3289,
                    401
                ],
                [
                    53,
                    "R_VCSgd_RIj6d_35",
                    6529826,
                    5836,
                    625
                ],
                [
                    70,
                    "R_VCSgd_RIj6d_46",
                    2976678,
                    1852,
                    196
                ]
            ],
            "Compiled": "Yes",
            "Compiled Times": 8,
            "end_perf": [
                0.26224613189697266,
                0.091338000000000003,
                0.052773,
                283636,
                289220,
                39571803255577,
                25769803777,
                0
            ],
            "nRouts": 110
        }
    },
    "CompUnits": {
        "RIj6d_d": {
            "archive": "archive.11/_21633_archive_1.a",
            "checksum": 0,
            "mod": "Mbooth_mult_radix2_tb",
            "bytes": 48422,
            "out": "RIj6d_d.o",
            "text": 25236,
            "mode": 4
        }
    },
    "reusePaths": {
        "amcQw_d": {
            "icPath": "csrc"
        },
        "reYIK_d": {
            "icPath": "csrc"
        }
    },
    "ObjArchives": [
        {
            "archive": "archive.11/_21633_archive_1.a",
            "objects": [
                [
                    "RIj6d_d.o",
                    48422
                ],
                [
                    "amcQwB.o",
                    116380
                ]
            ],
            "size": 164802
        }
    ],
    "stat": {
        "ru_childs_end": {
            "ru_utime_sec": 0.020233999999999999,
            "ru_stime_sec": 0.029026,
            "ru_maxrss_kb": 22476,
            "ru_nivcsw": 24,
            "ru_minflt": 11216,
            "ru_majflt": 0,
            "ru_nvcsw": 26
        },
        "ru_self_end": {
            "ru_utime_sec": 0.093075000000000005,
            "ru_stime_sec": 0.056654000000000003,
            "ru_maxrss_kb": 84036,
            "ru_nivcsw": 10,
            "ru_minflt": 29239,
            "ru_majflt": 0,
            "ru_nvcsw": 29
        },
        "peak_mem_kb": 289220,
        "cpu_cycles_end": 39571818981979
    }
}