{
    "Modules": {
        "...MASTER...": {
            "start_perf": [
                0.24078702926635742,
                0.068709999999999993,
                0.053911000000000001,
                275180,
                288588,
                1649984922.876652,
                17411891828861
            ],
            "child_modules": {
                "std": 1,
                "tb": 1
            },
            "nQuads": 0,
            "end_perf": [
                0.24667906761169434,
                0.071196999999999996,
                0.054193999999999999,
                276600,
                288588,
                17411908408466,
                0,
                0
            ],
            "nMops": 0,
            "nRouts": 5
        },
        "std": {
            "start_perf": [
                0.24675703048706055,
                0.071240999999999999,
                0.054227999999999998,
                276600,
                288588,
                1649984922.882622,
                17411908591977
            ],
            "svclass": [
                "$vcs_nba_dyn_obj",
                0,
                35,
                2,
                2,
                0,
                "sigprop$$",
                0,
                35,
                2,
                2,
                0,
                "process",
                0,
                200,
                8,
                8,
                0,
                "event",
                0,
                34,
                2,
                2,
                0,
                "mailbox",
                0,
                140,
                9,
                9,
                0,
                "semaphore",
                0,
                84,
                5,
                5,
                0
            ],
            "child_modules": {},
            "Compiled": "Yes",
            "Compiled Times": 44,
            "nMops": 528,
            "nQuads": 218,
            "end_perf": [
                0.2497401237487793,
                0.073248999999999995,
                0.055202000000000001,
                276616,
                288588,
                17411916995165,
                8589934594,
                0
            ],
            "nRouts": 33
        },
        "tb": {
            "start_perf": [
                0.24978494644165039,
                0.073275000000000007,
                0.055222,
                276616,
                288588,
                1649984922.8856499,
                17411917092886
            ],
            "child_modules": {},
            "Compiled": "Yes",
            "Compiled Times": 44,
            "nMops": 2837,
            "significant_routs": [
                [
                    66,
                    "R_VCSgd_g7hgQ_42",
                    3932272,
                    2988,
                    358
                ]
            ],
            "nQuads": 1171,
            "end_perf": [
                0.28009510040283203,
                0.100295,
                0.058505000000000001,
                283100,
                288588,
                17412002255164,
                17179869185,
                0
            ],
            "nRouts": 137
        }
    },
    "CompUnits": {
        "g7hgQ_d": {
            "mod": "tb",
            "out": "g7hgQ_d.o",
            "mode": 4,
            "bytes": 51036,
            "text": 23796,
            "checksum": 0,
            "archive": "archive.43/_44211_archive_1.a"
        }
    },
    "reusePaths": {
        "amcQw_d": {
            "icPath": "csrc"
        },
        "reYIK_d": {
            "icPath": "csrc"
        }
    },
    "ObjArchives": [
        {
            "archive": "archive.43/_44211_archive_1.a",
            "objects": [
                [
                    "g7hgQ_d.o",
                    51036
                ],
                [
                    "amcQwB.o",
                    116636
                ]
            ],
            "size": 167672
        }
    ],
    "stat": {
        "ru_self_end": {
            "ru_utime_sec": 0.104185,
            "ru_stime_sec": 0.060427000000000002,
            "ru_nivcsw": 12,
            "ru_maxrss_kb": 83476,
            "ru_minflt": 29230,
            "ru_nvcsw": 30,
            "ru_majflt": 0
        },
        "ru_childs_end": {
            "ru_utime_sec": 0.0129,
            "ru_stime_sec": 0.035132999999999998,
            "ru_nivcsw": 24,
            "ru_maxrss_kb": 22300,
            "ru_minflt": 11214,
            "ru_nvcsw": 26,
            "ru_majflt": 0
        },
        "cpu_cycles_end": 17412018554999,
        "peak_mem_kb": 288588
    }
}