{
    "cycles_program_begin": 37765918180880,
    "LVLData": [
        "SIM"
    ],
    "rlimit": {
        "data": -1,
        "stack": -1
    },
    "perf": [
        {
            "stat": [
                "main",
                "entry",
                0.019253015518188477,
                0.028112000000000002,
                0.030120000000000001,
                216444,
                216444,
                0.0,
                0.0,
                1651331488.184684,
                37765918449171
            ],
            "sub": [
                {
                    "stat": [
                        "doParsingAndDesignResolution",
                        "entry",
                        0.13810896873474121,
                        0.029999999999999999,
                        0.042414,
                        272344,
                        273144,
                        0.0,
                        0.0,
                        1651331488.30354,
                        37766252203070
                    ],
                    "sub": []
                },
                {
                    "stat": [
                        "doParsingAndDesignResolution",
                        "exit",
                        0.14603495597839355,
                        0.034972999999999997,
                        0.045260000000000002,
                        273196,
                        273844,
                        0.0,
                        0.0,
                        1651331488.311466,
                        37766274420267
                    ],
                    "sub": []
                },
                {
                    "stat": [
                        "doPostDesignResolutionToVir2Vcs",
                        "entry",
                        0.14681005477905273,
                        0.034972999999999997,
                        0.046033999999999999,
                        273360,
                        273844,
                        0.0,
                        0.0,
                        1651331488.3122411,
                        37766276577144
                    ],
                    "sub": [
                        {
                            "stat": [
                                "doUptoVir2VcsNoSepCleanup",
                                "entry",
                                0.14994192123413086,
                                0.037614000000000002,
                                0.046525999999999998,
                                274504,
                                274508,
                                0.0,
                                0.0,
                                1651331488.3153729,
                                37766285362413
                            ],
                            "sub": []
                        },
                        {
                            "stat": [
                                "doUptoVir2VcsNoSepCleanup",
                                "exit",
                                0.18861293792724609,
                                0.045180999999999999,
                                0.057502999999999999,
                                275680,
                                288036,
                                0.005267,
                                0.014540000000000001,
                                1651331488.354044,
                                37766393987051
                            ],
                            "sub": []
                        },
                        {
                            "stat": [
                                "doRadify_vir2vcsAll",
                                "entry",
                                0.18868899345397949,
                                0.045214999999999998,
                                0.057546,
                                275680,
                                288036,
                                0.005267,
                                0.014540000000000001,
                                1651331488.35412,
                                37766394143984
                            ],
                            "sub": []
                        },
                        {
                            "stat": [
                                "doRadify_vir2vcsAll",
                                "exit",
                                0.19293403625488281,
                                0.046300000000000001,
                                0.060705000000000002,
                                276576,
                                288036,
                                0.005267,
                                0.014540000000000001,
                                1651331488.3583651,
                                37766406102193
                            ],
                            "sub": []
                        }
                    ]
                },
                {
                    "stat": [
                        "doPostDesignResolutionToVir2Vcs",
                        "exit",
                        0.19297599792480469,
                        0.046318999999999999,
                        0.060728999999999998,
                        276576,
                        288036,
                        0.005267,
                        0.014540000000000001,
                        1651331488.358407,
                        37766406175157
                    ],
                    "sub": []
                },
                {
                    "stat": [
                        "doGAToPass2",
                        "entry",
                        0.19300007820129395,
                        0.046329000000000002,
                        0.060742999999999998,
                        276576,
                        288036,
                        0.005267,
                        0.014540000000000001,
                        1651331488.3584311,
                        37766406234460
                    ],
                    "sub": [
                        {
                            "stat": [
                                "DoPass2",
                                "entry",
                                0.22335004806518555,
                                0.047448999999999998,
                                0.061890000000000001,
                                275020,
                                288036,
                                0.013450999999999999,
                                0.035118000000000003,
                                1651331488.3887811,
                                37766491523018
                            ],
                            "sub": []
                        },
                        {
                            "stat": [
                                "DoPass2",
                                "exit",
                                0.26257705688476562,
                                0.076647999999999994,
                                0.069140999999999994,
                                282748,
                                288036,
                                0.013450999999999999,
                                0.037886000000000003,
                                1651331488.4280081,
                                37766601642244
                            ],
                            "sub": []
                        }
                    ]
                },
                {
                    "stat": [
                        "doGAToPass2",
                        "exit",
                        0.26567292213439941,
                        0.077501,
                        0.071383000000000002,
                        282748,
                        288036,
                        0.013450999999999999,
                        0.037886000000000003,
                        1651331488.4311039,
                        37766610352068
                    ],