{
    "stat": {
        "ru_self_end": {
            "ru_nivcsw": 11,
            "ru_utime_sec": 0.086284,
            "ru_stime_sec": 0.049024999999999999,
            "ru_maxrss_kb": 82340,
            "ru_minflt": 28465,
            "ru_majflt": 0,
            "ru_nvcsw": 29
        },
        "ru_childs_end": {
            "ru_nivcsw": 26,
            "ru_utime_sec": 0.014933999999999999,
            "ru_stime_sec": 0.032906999999999999,
            "ru_maxrss_kb": 22192,
            "ru_minflt": 11216,
            "ru_majflt": 0,
            "ru_nvcsw": 26
        },
        "cpu_cycles_end": 37968168048031,
        "peak_mem_kb": 288036
    },
    "Modules": {
        "std": {
            "start_perf": [
                0.21530604362487793,
                0.057446999999999998,
                0.041598999999999997,
                276564,
                288036,
                1651331560.17448,
                37968065404457
            ],
            "svclass": [
                "$vcs_nba_dyn_obj",
                0,
                35,
                2,
                2,
                0,
                "sigprop$$",
                0,
                35,
                2,
                2,
                0,
                "process",
                0,
                200,
                8,
                8,
                0,
                "event",
                0,
                34,
                2,
                2,
                0,
                "mailbox",
                0,
                140,
                9,
                9,
                0,
                "semaphore",
                0,
                84,
                5,
                5,
                0
            ],
            "end_perf": [
                0.21829915046691895,
                0.05985,
                0.042188999999999997,
                276580,
                288036,
                37968073834733,
                8589934594,
                0
            ],
            "nRouts": 33,
            "Compiled Times": 7,
            "child_modules": {},
            "Compiled": "Yes",
            "nQuads": 218,
            "nMops": 528
        },
        "...MASTER...": {
            "end_perf": [
                0.21522808074951172,
                0.057401000000000001,
                0.041565999999999999,
                276564,
                288036,
                37968065224088,
                0,
                0
            ],
            "start_perf": [
                0.20891714096069336,
                0.057049000000000002,
                0.039343999999999997,
                275020,
                288036,
                1651331560.1680911,
                37968047465785
            ],
            "nRouts": 5,
            "child_modules": {
                "man_tb": 1,
                "std": 1
            },
            "nQuads": 0,
            "nMops": 0
        },
        "man_tb": {
            "end_perf": [
                0.24690008163452148,
                0.084916000000000005,
                0.045420000000000002,
                283136,
                288036,
                37968154164529,
                17179869185,
                0
            ],
            "start_perf": [
                0.21834516525268555,
                0.059877,
                0.042208000000000002,
                276580,
                288036,
                1651331560.1775191,
                37968073934639
            ],
            "nRouts": 149,
            "Compiled Times": 7,
            "child_modules": {},
            "Compiled": "Yes",
            "significant_routs": [
                [
                    13,
                    "R_VCSgd_uvHtm_d",
                    3656103,
                    1866,
                    189
                ]
            ],
            "nMops": 2003,
            "nQuads": 1094
        }
    },
    "CompUnits": {
        "uvHtm_d": {
            "mod": "man_tb",
            "out": "uvHtm_d.o",
            "archive": "archive.6/_60542_archive_1.a",
            "bytes": 47120,
            "text": 20729,
            "mode": 4,
            "checksum": 0
        }
    },
    "reusePaths": {
        "amcQw_d": {
            "icPath": "csrc"
        },
        "reYIK_d": {
            "icPath": "csrc"
        }
    },
    "ObjArchives": [
        {
            "archive": "archive.6/_60542_archive_1.a",
            "size": 164100,
            "objects": [
                [
                    "uvHtm_d.o",
                    47120
                ],
                [
                    "amcQwB.o",
                    116980
                ]
            ]
        }
    ]
}