{
    "cpu_cycles_pass2_start": 193114187977223,
    "cycles_program_begin": 193113901381231,
    "CurCompileUdps": {},
    "LVLData": [
        "SIM"
    ],
    "perf": [
        {
            "sub": [
                {
                    "sub": [],
                    "stat": [
                        "doParsingAndDesignResolution",
                        "entry",
                        0.030933141708374023,
                        0.041519,
                        0.021797,
                        272344,
                        273144,
                        0.0,
                        0.0,
                        1648485405.2364471,
                        193113939876472
                    ]
                },
                {
                    "sub": [],
                    "stat": [
                        "doParsingAndDesignResolution",
                        "exit",
                        0.037353038787841797,
                        0.046824999999999999,
                        0.022891999999999999,
                        273200,
                        273848,
                        0.0,
                        0.0,
                        1648485405.242867,
                        193113957922420
                    ]
                },
                {
                    "sub": [
                        {
                            "sub": [],
                            "stat": [
                                "doUptoVir2VcsNoSepCleanup",
                                "entry",
                                0.042621135711669922,
                                0.051032000000000001,
                                0.023952999999999999,
                                274512,
                                274516,
                                0.0,
                                0.0,
                                1648485405.2481351,
                                193113972687196
                            ]
                        },
                        {
                            "sub": [],
                            "stat": [
                                "doUptoVir2VcsNoSepCleanup",
                                "exit",
                                0.081830024719238281,
                                0.057738999999999999,
                                0.036742999999999998,
                                275680,
                                288528,
                                0.0021789999999999999,
                                0.016795000000000001,
                                1648485405.287344,
                                193114082894991
                            ]
                        },
                        {
                            "sub": [],
                            "stat": [
                                "doRadify_vir2vcsAll",
                                "entry",
                                0.082008123397827148,
                                0.057738999999999999,
                                0.036917999999999999,
                                275680,
                                288528,
                                0.0021789999999999999,
                                0.016795000000000001,
                                1648485405.2875221,
                                193114083286060
                            ]
                        },
                        {
                            "sub": [],
                            "stat": [
                                "doRadify_vir2vcsAll",
                                "exit",
                                0.088320016860961914,
                                0.057738999999999999,
                                0.043229999999999998,
                                276716,
                                288528,
                                0.0021789999999999999,
                                0.016795000000000001,
                                1648485405.293834,
                                193114101018723
                            ]
                        }
                    ],
                    "stat": [
                        "doPostDesignResolutionToVir2Vcs",
                        "entry",
                        0.038149118423461914,
                        0.047621999999999998,
                        0.022891999999999999,
                        273352,
                        273848,
                        0.0,
                        0.0,
                        1648485405.2436631,
                        193113960123126
                    ]
                },
                {
                    "sub": [],
                    "stat": [
                        "doPostDesignResolutionToVir2Vcs",
                        "exit",
                        0.088361024856567383,
                        0.057738999999999999,
                        0.043271999999999998,
                        276716,
                        288528,
                        0.0021789999999999999,
                        0.016795000000000001,
                        1648485405.293875,
                        193114101091239
                    ]
                },
                {
                    "sub": [
                        {
                            "sub": [],
                            "stat": [
                                "DoPass2",
                                "entry",
                                0.11927294731140137,
                                0.057738999999999999,
                                0.045416999999999999,
                                275160,
                                288528,
                                0.010718999999999999,
                                0.037818999999999998,
                                1648485405.3247869,
                                193114187963034
                            ]
                        },
                        {
                            "sub": [],
                            "stat": [
                                "DoPass2",
                                "exit",
                                0.14826107025146484,
                                0.077091999999999994,
                                0.052089000000000003,
                                280204,
                                288528,
                                0.010718999999999999,
                                0.040753999999999999,
                                1648485405.353775,
                                193114269331327
                            ]
                        }
                    ],
                    "stat": [
                        "doGAToPass2",
                        "entry",
                        0.088385105133056641,
                        0.057738999999999999,
                        0.043296000000000001,
                        276716,
                        288528,
                        0.0021789999999999999,
                        0.016795000000000001,
                        1648485405.2938991,
                        193114101151395
                    ]
                },
                {
                    "sub": [],
                    "stat": [
                        "doGAToPass2",
                        "exit",
                        0.15149593353271484,
                        0.078621999999999997,
                        0.053794000000000002,
                        280204,
                        288528,
                        0.010718999999999999,
                        0.040753999999999999,
                        1648485405.3570099,
                        193114278423689
                    ]
                }
            ],