{
    "Modules": {
        "...MASTER...": {
            "start_perf": [
                0.20856785774230957,
                0.054228999999999999,
                0.035457000000000002,
                274752,
                287848,
                1646925927.0631709,
                3908170409555059
            ],
            "child_modules": {
                "std": 1,
                "tb": 1
            },
            "end_perf": [
                0.21201705932617188,
                0.056916000000000001,
                0.036219000000000001,
                277200,
                287848,
                3908170419284216,
                0,
                0
            ],
            "nQuads": 0,
            "nMops": 0,
            "nRouts": 5
        },
        "std": {
            "svclass": [
                "$vcs_nba_dyn_obj",
                576,
                35,
                2,
                2,
                0,
                "sigprop$$",
                576,
                35,
                2,
                2,
                0,
                "process",
                2380,
                200,
                8,
                8,
                0,
                "event",
                597,
                34,
                2,
                2,
                0,
                "mailbox",
                1769,
                140,
                9,
                9,
                0,
                "semaphore",
                1119,
                84,
                5,
                5,
                0
            ],
            "start_perf": [
                0.21210289001464844,
                0.056967999999999998,
                0.036252,
                277200,
                287848,
                1646925927.0667059,
                3908170419478841
            ],
            "Compiled": "Yes",
            "child_modules": {},
            "Compiled Times": 1,
            "nMops": 528,
            "end_perf": [
                0.22022390365600586,
                0.064104999999999995,
                0.037221999999999998,
                281452,
                287848,
                3908170442335047,
                8589934594,
                0
            ],
            "nQuads": 218,
            "nRouts": 33
        },
        "tb": {
            "start_perf": [
                0.22028303146362305,
                0.064143000000000006,
                0.037243999999999999,
                281452,
                287848,
                1646925927.0748861,
                3908170442446270
            ],
            "Compiled": "Yes",
            "child_modules": {},
            "nMops": 425,
            "Compiled Times": 1,
            "end_perf": [
                0.22604990005493164,
                0.06991,
                0.037243999999999999,
                282892,
                287848,
                3908170458700883,
                17179869185,
                0
            ],
            "nQuads": 213,
            "nRouts": 28
        }
    },
    "ObjArchives": [
        {
            "archive": "archive.0/_43501_archive_1.a",
            "size": 175866,
            "objects": [
                [
                    "reYIK_d.o",
                    43000
                ],
                [
                    "g7hgQ_d.o",
                    16316
                ],
                [
                    "amcQwB.o",
                    116550
                ]
            ]
        }
    ],
    "reusePaths": {},
    "CompUnits": {
        "amcQw_d": {
            "mod": "...MASTER...",
            "mode": 4,
            "out": "objs/amcQw_d.o",
            "text": 434,
            "bytes": 7824,
            "checksum": 0
        },
        "g7hgQ_d": {
            "mod": "tb",
            "mode": 4,
            "out": "g7hgQ_d.o",
            "text": 4039,
            "bytes": 16316,
            "checksum": 0,
            "archive": "archive.0/_43501_archive_1.a"
        },
        "reYIK_d": {
            "mod": "std",
            "mode": 4,
            "out": "reYIK_d.o",
            "text": 7325,
            "bytes": 43000,
            "checksum": 0,
            "cls": 7017,
            "archive": "archive.0/_43501_archive_1.a"
        }
    },
    "stat": {
        "ru_childs_end": {
            "ru_utime_sec": 0.020964,
            "ru_stime_sec": 0.029714000000000001,
            "ru_maxrss_kb": 21408,
            "ru_majflt": 0,
            "ru_minflt": 11181,
            "ru_nvcsw": 26,
            "ru_nivcsw": 24
        },
        "ru_self_end": {
            "ru_utime_sec": 0.074968999999999994,
            "ru_stime_sec": 0.039819,
            "ru_maxrss_kb": 81012,
            "ru_majflt": 0,
            "ru_minflt": 27910,
            "ru_nvcsw": 31,
            "ru_nivcsw": 10
        },
        "peak_mem_kb": 287848,
        "cpu_cycles_end": 3908170481067890
    }
}